player,prop,book_line,model_prediction,edge,direction,source,prop_type,stat,proj_min,true_projection,true_edge
Alperen Sengun,PA,28.5,19.4,-9.1,UNDER,PrizePicks,combo,PA,0.0,41.955832728406264,13.455832728406264
Jrue Holiday,PRA,20.0,28.937,8.937000000000001,OVER,PrizePicks,combo,PRA,0.0,33.43366315014131,13.433663150141307
CJ McCollum,PR,18.5,24.612,6.111999999999998,OVER,PrizePicks,combo,PR,0.0,30.57106218094604,12.07106218094604
CJ McCollum,PRA,21.5,27.908,6.408000000000001,OVER,PrizePicks,combo,PRA,0.0,32.89757146235642,11.397571462356417
Aaron Gordon,PRA,31.5,22.023,-9.477,UNDER,PrizePicks,combo,PRA,0.0,42.828863860721604,11.328863860721604
CJ McCollum,PA,18.5,23.274,4.774000000000001,OVER,PrizePicks,combo,PA,0.0,29.172851726868952,10.672851726868952
Victor Wembanyama,PTS,21.0,25.417,4.417000000000002,OVER,PrizePicks,standard,PTS,0.0,31.541090703298273,10.541090703298273
Amen Thompson,PR,27.5,32.776,5.276000000000003,OVER,PrizePicks,combo,PR,0.0,37.671052696171714,10.171052696171714
Matas Buzelis,PRA,25.5,28.253,2.753,OVER,PrizePicks,combo,PRA,0.0,35.29429486146962,9.794294861469623
Nickeil Alexander-Walker,PRA,28.0,30.329,2.3290000000000006,OVER,PrizePicks,combo,PRA,0.0,37.74190191049693,9.741901910496928
Julian Champagnie,PR,19.0,23.711,4.7109999999999985,OVER,PrizePicks,combo,PR,0.0,28.5215304682821,9.521530468282101
Ajay Mitchell,PR,14.5,18.942,4.442,OVER,PrizePicks,combo,PR,0.0,24.02085723800863,9.520857238008631
Jaden McDaniels,PTS,16.5,10.368,-6.132,UNDER,PrizePicks,standard,PTS,0.0,25.674745641406954,9.174745641406954
Kevin Durant,PTS,25.5,27.6,2.1000000000000014,OVER,PrizePicks,standard,PTS,0.0,34.57619798744501,9.076197987445013
Mike Conley,PRA,14.5,9.353,-5.147,UNDER,PrizePicks,combo,PRA,0.0,23.33730027625203,8.83730027625203
Jaden McDaniels,PA,18.5,12.488,-6.0120000000000005,UNDER,PrizePicks,combo,PA,0.0,27.06188972045961,8.561889720459611
Amen Thompson,PTS,19.5,21.344,1.8440000000000012,OVER,PrizePicks,standard,PTS,0.0,28.056873049946216,8.556873049946216
Peyton Watson,PA,23.5,26.121,2.6209999999999987,OVER,PrizePicks,combo,PA,0.0,31.71639848104315,8.21639848104315
Amen Thompson,PRA,32.5,37.149,4.649000000000001,OVER,PrizePicks,combo,PRA,0.0,40.53704688483539,8.03704688483539
Alperen Sengun,PR,31.5,22.676,-8.824000000000002,UNDER,PrizePicks,combo,PR,0.0,39.273714458354284,7.773714458354284
Jaden McDaniels,PRA,24.5,16.179,-8.321000000000002,UNDER,PrizePicks,combo,PRA,0.0,32.10287548604235,7.60287548604235
Jrue Holiday,RA,8.5,13.153,4.6530000000000005,OVER,PrizePicks,combo,RA,0.0,15.897803529725554,7.397803529725554
Norman Powell,PR,23.5,24.872,1.372,OVER,PrizePicks,combo,PR,0.0,30.7514026513673,7.2514026513673
Victor Wembanyama,PA,24.5,28.366,3.866,OVER,PrizePicks,combo,PA,0.0,31.547723480120116,7.047723480120116
De'Aaron Fox,PTS,17.5,18.17,0.6700000000000017,OVER,PrizePicks,standard,PTS,0.0,24.50506393161586,7.005063931615862
Matas Buzelis,PR,22.5,25.477,2.9770000000000003,OVER,PrizePicks,combo,PR,0.0,29.063441776597,6.563441776596999
Alperen Sengun,PRA,37.5,26.576,-10.924,UNDER,PrizePicks,combo,PRA,0.0,43.93515422647347,6.435154226473472
Peyton Watson,PR,26.5,29.362,2.8619999999999983,OVER,PrizePicks,combo,PR,0.0,32.69043313894141,6.190433138941408
Kevin Durant,PRA,36.5,38.284,1.783999999999999,OVER,PrizePicks,combo,PRA,0.0,42.46163180663018,5.96163180663018
Deandre Ayton,PTS,15.5,11.187,-4.313000000000001,UNDER,PrizePicks,standard,PTS,0.0,21.35573937311642,5.855739373116421
Jaden McDaniels,PR,22.5,14.06,-8.44,UNDER,PrizePicks,combo,PR,0.0,28.201547502869392,5.701547502869392
Al Horford,PR,10.5,15.89,5.390000000000001,OVER,PrizePicks,combo,PR,0.0,16.200630010828675,5.700630010828675
Luke Kornet,PR,11.5,16.253,4.753,OVER,PrizePicks,combo,PR,0.0,16.791405275491137,5.291405275491137
Victor Wembanyama,PRA,34.0,36.765,2.765000000000001,OVER,PrizePicks,combo,PRA,0.0,39.206623383616886,5.206623383616886
Bryce McGowens,TO,0.5,2.339,1.839,OVER,PrizePicks,standard,TO,0.0,5.114838671215416,4.614838671215416
Spencer Jones,PR,13.5,13.154,-0.3460000000000001,UNDER,PrizePicks,combo,PR,0.0,18.079269893933994,4.5792698939339935
Matas Buzelis,PA,19.5,22.662,3.161999999999999,OVER,PrizePicks,combo,PA,0.0,23.86299536960834,4.362995369608338
Jrue Holiday,AST,5.0,8.118,3.1180000000000003,OVER,PrizePicks,standard,AST,0.0,9.206110409748218,4.206110409748218
Julian Champagnie,REB,6.5,9.654,3.154,OVER,PrizePicks,standard,REB,0.0,10.681634237341628,4.181634237341628
Moses Moody,TO,0.5,1.961,1.461,OVER,PrizePicks,standard,TO,0.0,4.5623190231273085,4.0623190231273085
Aaron Gordon,PA,24.0,16.687,-7.312999999999999,UNDER,PrizePicks,combo,PA,0.0,27.91040453793385,3.91040453793385
Isaac Okoro,PTS,8.0,9.234,1.234,OVER,PrizePicks,standard,PTS,0.0,11.865445206609365,3.8654452066093654
Jarred Vanderbilt,RA,9.0,6.864,-2.136,UNDER,PrizePicks,combo,RA,0.0,12.730613284231053,3.730613284231053
Jrue Holiday,PTS,10.5,15.784,5.284000000000001,OVER,PrizePicks,standard,PTS,0.0,14.177498990315337,3.6774989903153372
Jake LaRavia,TO,1.5,3.126,1.626,OVER,PrizePicks,standard,TO,0.0,5.129084464313006,3.6290844643130056
Cason Wallace,PA,7.5,9.349,1.849,OVER,PrizePicks,combo,PA,0.0,11.105864105984336,3.6058641059843364
Jalen Johnson,PA,31.5,27.518,-3.9819999999999993,UNDER,PrizePicks,combo,PA,0.0,34.953648526603416,3.4536485266034163
Ajay Mitchell,PTS,11.5,15.601,4.101000000000001,OVER,PrizePicks,standard,PTS,0.0,14.753311499515176,3.253311499515176
Dyson Daniels,PRA,26.5,29.804,3.3039999999999985,OVER,PrizePicks,combo,PRA,0.0,29.74947762523903,3.249477625239031
Oso Ighodaro,PRA,11.5,13.304,1.8040000000000005,OVER,PrizePicks,combo,PRA,0.0,14.655170183518885,3.1551701835188855
Alex Caruso,TO,0.5,1.746,1.246,OVER,PrizePicks,standard,TO,0.0,3.591228190418565,3.091228190418565
Gui Santos,PR,6.5,8.185,1.6850000000000005,OVER,PrizePicks,combo,PR,0.0,9.555985983808258,3.0559859838082577
Spencer Jones,PTS,8.0,9.531,1.5310000000000006,OVER,PrizePicks,standard,PTS,0.0,11.049083664445623,3.0490836644456234
Tre Jones,AST,6.5,6.256,-0.2439999999999997,UNDER,PrizePicks,standard,AST,0.0,9.539133343660419,3.039133343660419
Al Horford,PTS,6.5,9.634,3.1340000000000003,OVER,PrizePicks,standard,PTS,0.0,9.34894940476045,2.84894940476045
Donovan Clingan,TO,1.5,2.882,1.382,OVER,PrizePicks,standard,TO,0.0,4.321597691708905,2.821597691708905
Kevin Durant,PR,30.5,34.04,3.539999999999999,OVER,PrizePicks,combo,PR,0.0,33.26193126640357,2.761931266403572
De'Aaron Fox,REB,4.0,4.828,0.8280000000000003,OVER,PrizePicks,standard,REB,0.0,6.49346718181349,2.4934671818134904
Andrew Wiggins,RA,7.0,6.29,-0.71,UNDER,PrizePicks,combo,RA,0.0,9.488943468258746,2.4889434682587463
Collin Gillespie,PTS,12.5,10.634,-1.8659999999999997,UNDER,PrizePicks,standard,PTS,0.0,14.863924931535522,2.3639249315355215
Jeremiah Fears,PA,16.5,18.126,1.6260000000000012,OVER,PrizePicks,combo,PA,0.0,18.73721926302722,2.237219263027221
Dyson Daniels,PR,19.5,22.076,2.5760000000000005,OVER,PrizePicks,combo,PR,0.0,21.599916228931285,2.099916228931285
Jake LaRavia,REB,5.0,4.826,-0.1740000000000003,UNDER,PrizePicks,standard,REB,0.0,7.079844918415975,2.079844918415975
Shaedon Sharpe,PA,29.0,23.503,-5.497,UNDER,PrizePicks,combo,PA,0.0,31.05586804233649,2.0558680423364883
Stephen Curry,PRA,36.5,36.841,0.3410000000000011,OVER,PrizePicks,combo,PRA,0.0,38.483612527545766,1.9836125275457661
Stephon Castle,AST,6.0,4.554,-1.4459999999999995,UNDER,PrizePicks,standard,AST,0.0,7.98318806873856,1.98318806873856
Jamal Murray,AST,9.0,10.488,1.4879999999999995,OVER,PrizePicks,standard,AST,0.0,10.923908069494914,1.9239080694949138
Tre Jones,PTS,11.5,9.219,-2.2810000000000006,UNDER,PrizePicks,standard,PTS,0.0,13.415536063063985,1.9155360630639855
Jalen Smith,PR,17.5,18.13,0.629999999999999,OVER,PrizePicks,combo,PR,0.0,19.391776031070265,1.8917760310702647
Steven Adams,PTS,6.0,6.723,0.7229999999999999,OVER,PrizePicks,standard,PTS,0.0,7.881122753331021,1.881122753331021
Cason Wallace,STL,1.5,1.067,-0.433,UNDER,PrizePicks,standard,STL,0.0,3.3704105250770193,1.8704105250770193
Bryce McGowens,AST,1.5,1.237,-0.2629999999999999,UNDER,PrizePicks,standard,AST,0.0,3.3589203509015246,1.8589203509015246
Collin Gillespie,TO,1.5,2.712,1.2120000000000002,OVER,PrizePicks,standard,TO,0.0,3.3428173352179806,1.8428173352179806
Julius Randle,PR,31.5,25.28,-6.219999999999999,UNDER,PrizePicks,combo,PR,0.0,33.33148181218969,1.8314818121896934
De'Aaron Fox,AST,5.0,4.559,-0.4409999999999998,UNDER,PrizePicks,standard,AST,0.0,6.8212462170249495,1.8212462170249495
De'Anthony Melton,PTS,11.0,11.739,0.7390000000000008,OVER,PrizePicks,standard,PTS,0.0,12.800467910094152,1.8004679100941523
Spencer Jones,PA,9.5,11.17,1.67,OVER,PrizePicks,combo,PA,0.0,11.276746430689645,1.776746430689645
Alex Caruso,PTS,7.5,6.232,-1.2679999999999998,UNDER,PrizePicks,standard,PTS,0.0,9.222939111782518,1.7229391117825177
Jimmy Butler,PTS,20.5,21.582,1.0820000000000007,OVER,PrizePicks,standard,PTS,0.0,22.20373900029654,1.7037390002965402
Aaron Gordon,PTS,20.5,14.349,-6.151,UNDER,PrizePicks,standard,PTS,0.0,22.202659158989928,1.7026591589899276
Brandin Podziemski,PA,11.5,9.355,-2.1449999999999996,UNDER,PrizePicks,combo,PA,0.0,13.15696919185362,1.6569691918536193
Mark Williams,RA,10.5,8.234,-2.266,UNDER,PrizePicks,combo,RA,0.0,12.156040728753316,1.6560407287533163
Jimmy Butler,STL,1.5,1.146,-0.3540000000000001,UNDER,PrizePicks,standard,STL,0.0,3.1532696465242545,1.6532696465242545
Aaron Gordon,RA,10.5,7.673,-2.827,UNDER,PrizePicks,combo,RA,0.0,12.113951389018816,1.6139513890188155
Harrison Barnes,PTS,10.5,10.869,0.3689999999999998,OVER,PrizePicks,standard,PTS,0.0,12.109483111689293,1.6094831116892934
Myles Turner,RA,6.0,5.707,-0.2930000000000001,UNDER,PrizePicks,combo,RA,0.0,7.5943585793640995,1.5943585793640995
Norman Powell,PTS,20.5,21.712,1.2119999999999995,OVER,PrizePicks,standard,PTS,0.0,22.059068619900778,1.5590686199007777
Will Richard,PTS,3.5,4.614,1.114,OVER,PrizePicks,standard,PTS,0.0,5.047211453748311,1.5472114537483108
Dyson Daniels,REB,6.0,6.908,0.9080000000000004,OVER,PrizePicks,standard,REB,0.0,7.539359436580299,1.5393594365802992
Naz Reid,PA,22.5,17.472,-5.027999999999999,UNDER,PrizePicks,combo,PA,0.0,23.99663508282821,1.4966350828282096
Stephen Curry,REB,4.0,3.721,-0.2789999999999999,UNDER,PrizePicks,standard,REB,0.0,5.49628568341629,1.49628568341629
Matas Buzelis,RA,7.5,8.366,0.8659999999999997,OVER,PrizePicks,combo,RA,0.0,8.985013037441258,1.4850130374412576
Deandre Ayton,RA,10.5,8.111,-2.3889999999999993,UNDER,PrizePicks,combo,RA,0.0,11.965717411180192,1.4657174111801918
Luke Kornet,REB,6.0,7.36,1.3600000000000003,OVER,PrizePicks,standard,REB,0.0,7.420875612268691,1.4208756122686914
Kel'el Ware,PTS,7.5,7.604,0.104,OVER,PrizePicks,standard,PTS,0.0,8.907119198610769,1.4071191986107685
Stephen Curry,PA,32.5,33.12,0.6199999999999974,OVER,PrizePicks,combo,PA,0.0,33.89911159006275,1.399111590062752
Jalen Smith,RA,8.5,10.009,1.5090000000000003,OVER,PrizePicks,combo,RA,0.0,9.876130915941856,1.3761309159418555
Ayo Dosunmu,PRA,22.5,24.422,1.9220000000000008,OVER,PrizePicks,combo,PRA,0.0,23.84177353584301,1.3417735358430107
Marcus Smart,REB,3.5,5.073,1.5730000000000004,OVER,PrizePicks,standard,REB,0.0,4.78471836229966,1.2847183622996603
Isaac Okoro,PR,11.0,13.136,2.1359999999999992,OVER,PrizePicks,combo,PR,0.0,12.280688833976447,1.2806888339764466
Jalen Pickett,REB,4.0,5.511,1.511,OVER,PrizePicks,standard,REB,0.0,5.2744552753857645,1.2744552753857645
Royce O'Neale,PTS,9.5,10.208,0.7080000000000002,OVER,PrizePicks,standard,PTS,0.0,10.696522564617931,1.196522564617931
Peyton Watson,RA,9.5,10.956,1.4559999999999995,OVER,PrizePicks,combo,RA,0.0,10.685624843079035,1.1856248430790348
LeBron James,PRA,37.5,38.47,0.9699999999999988,OVER,PrizePicks,combo,PRA,0.0,38.66796925250417,1.1679692525041716
LeBron James,PRA,37.5,38.47,0.9699999999999988,OVER,PrizePicks,combo,PRA,0.0,38.66796925250417,1.1679692525041716
Jordan Goodwin,RA,7.0,6.842,-0.1580000000000003,UNDER,PrizePicks,combo,RA,0.0,8.153064585383637,1.1530645853836372
Jamal Murray,PR,31.5,27.949,-3.5509999999999984,UNDER,PrizePicks,combo,PR,0.0,32.627192880456576,1.127192880456576
Royce O'Neale,AST,2.5,2.213,-0.2869999999999999,UNDER,PrizePicks,standard,AST,0.0,3.6240713621733094,1.1240713621733094
Ajay Mitchell,AST,2.5,3.768,1.2679999999999998,OVER,PrizePicks,standard,AST,0.0,3.617115721223084,1.117115721223084
Peyton Watson,PTS,20.5,22.264,1.7639999999999991,OVER,PrizePicks,standard,PTS,0.0,21.59921367869523,1.0992136786952287
Nickeil Alexander-Walker,PTS,20.5,22.261,1.7609999999999992,OVER,PrizePicks,standard,PTS,0.0,21.59921367869523,1.0992136786952287
Jalen Pickett,PTS,10.5,10.982,0.4819999999999993,OVER,PrizePicks,standard,PTS,0.0,11.598569745266136,1.0985697452661363
Bryce McGowens,PRA,12.0,13.783,1.7829999999999997,OVER,PrizePicks,combo,PRA,0.0,13.087182680123467,1.0871826801234672
Mark Williams,PRA,23.0,17.021,-5.978999999999999,UNDER,PrizePicks,combo,PRA,0.0,24.072821831221685,1.0728218312216846
Donovan Clingan,STL,0.5,1.023,0.5229999999999999,OVER,PrizePicks,standard,STL,0.0,1.5480607928654757,1.0480607928654757
Kevin Huerter,RA,6.0,7.332,1.332,OVER,PrizePicks,combo,RA,0.0,7.007511135943639,1.0075111359436386
Naz Reid,REB,8.5,6.44,-2.0599999999999996,UNDER,PrizePicks,standard,REB,0.0,9.499585686199799,0.9995856861997989
Draymond Green,REB,6.0,4.583,-1.4169999999999998,UNDER,PrizePicks,standard,REB,0.0,6.963592232575797,0.9635922325757971
Devin Booker,AST,7.0,6.624,-0.3760000000000003,UNDER,PrizePicks,standard,AST,0.0,7.875943385487363,0.8759433854873633
Stephon Castle,REB,4.5,4.558,0.0579999999999998,OVER,PrizePicks,standard,REB,0.0,5.370172832773408,0.8701728327734077
Stephen Curry,AST,4.5,6.072,1.572,OVER,PrizePicks,standard,AST,0.0,5.367858527801823,0.8678585278018227
Will Richard,RA,2.5,4.85,2.3499999999999996,OVER,PrizePicks,combo,RA,0.0,3.3118982877113297,0.8118982877113297
Isaac Okoro,STL,0.5,1.046,0.546,OVER,PrizePicks,standard,STL,0.0,1.307352507559875,0.8073525075598751
Matas Buzelis,STL,0.5,1.095,0.595,OVER,PrizePicks,standard,STL,0.0,1.3050377061877634,0.8050377061877634
Dylan Harper,RA,5.5,4.876,-0.6239999999999997,UNDER,PrizePicks,combo,RA,0.0,6.292695297569209,0.7926952975692094
Caleb Love,PR,21.0,21.266,0.2659999999999982,OVER,PrizePicks,combo,PR,0.0,21.764476753793712,0.764476753793712
Toumani Camara,TO,2.5,3.367,0.867,OVER,PrizePicks,standard,TO,0.0,3.23896016807699,0.7389601680769902
Dillon Brooks,PRA,25.5,27.216,1.716000000000001,OVER,PrizePicks,combo,PRA,0.0,26.207777909849526,0.7077779098495256
Reed Sheppard,PTS,11.5,11.592,0.0920000000000005,OVER,PrizePicks,standard,PTS,0.0,12.198702845575307,0.6987028455753066
Ajay Mitchell,PRA,18.5,22.711,4.2109999999999985,OVER,PrizePicks,combo,PRA,0.0,19.187443608721683,0.6874436087216829
Rayan Rupert,PRA,10.5,9.582,-0.9179999999999992,UNDER,PrizePicks,combo,PRA,0.0,11.157577399524007,0.6575773995240066
Jalen Johnson,REB,9.5,9.301,-0.1989999999999998,UNDER,PrizePicks,standard,REB,0.0,10.126849336000246,0.6268493360002463
Kevin Durant,REB,5.0,6.44,1.4400000000000004,OVER,PrizePicks,standard,REB,0.0,5.613007135684319,0.6130071356843194
Marcus Smart,AST,4.0,3.586,-0.4140000000000001,UNDER,PrizePicks,standard,AST,0.0,4.586862414476238,0.5868624144762382
Tre Jones,PR,14.5,13.027,-1.4730000000000008,UNDER,PrizePicks,combo,PR,0.0,15.074456430627507,0.5744564306275066
Spencer Jones,PRA,14.5,14.793,0.2929999999999992,OVER,PrizePicks,combo,PRA,0.0,15.06847193153562,0.5684719315356208
Tre Jones,RA,9.5,10.064,0.5640000000000001,OVER,PrizePicks,combo,RA,0.0,10.032740799612162,0.5327407996121618
Jalen Johnson,PTS,23.5,21.343,-2.157,UNDER,PrizePicks,standard,PTS,0.0,24.00942368650316,0.5094236865031583
Andrew Wiggins,REB,4.5,4.074,-0.4260000000000001,UNDER,PrizePicks,standard,REB,0.0,4.983152399625713,0.48315239962571344
LeBron James,RA,13.5,13.961,0.4610000000000003,OVER,PrizePicks,combo,RA,0.0,13.973048224766327,0.4730482247663268
Zion Williamson,AST,4.0,3.805,-0.1949999999999998,UNDER,PrizePicks,standard,AST,0.0,4.432840596001864,0.4328405960018644
Stephon Castle,TO,3.5,3.069,-0.431,UNDER,PrizePicks,standard,TO,0.0,3.9185058187157256,0.41850581871572556
Dillon Brooks,PTS,19.5,19.643,0.1430000000000006,OVER,PrizePicks,standard,PTS,0.0,19.883305431780503,0.3833054317805029
Ayo Dosunmu,TO,1.5,2.435,0.935,OVER,PrizePicks,standard,TO,0.0,1.8748083556851436,0.3748083556851436
De'Aaron Fox,RA,9.0,9.387,0.3870000000000004,OVER,PrizePicks,combo,RA,0.0,9.374611409140314,0.3746114091403143
Amen Thompson,REB,8.0,11.432,3.4320000000000004,OVER,PrizePicks,standard,REB,0.0,8.371356955375365,0.37135695537536506
Harrison Barnes,PR,13.5,13.695,0.1950000000000002,OVER,PrizePicks,combo,PR,0.0,13.865482779894398,0.36548277989439804
Aaron Gordon,REB,7.0,5.336,-1.6639999999999997,UNDER,PrizePicks,standard,REB,0.0,7.3381915164652005,0.3381915164652005
CJ McCollum,PTS,15.5,19.979,4.478999999999999,OVER,PrizePicks,standard,PTS,0.0,15.823026116722179,0.32302611672217907
Jeremiah Fears,PR,17.0,18.693,1.6930000000000014,OVER,PrizePicks,combo,PR,0.0,17.321657236398842,0.3216572363988419
Luke Kornet,AST,1.5,1.72,0.2199999999999999,OVER,PrizePicks,standard,AST,0.0,1.8216067802143112,0.3216067802143112
Brandin Podziemski,PTS,8.5,6.842,-1.6580000000000004,UNDER,PrizePicks,standard,PTS,0.0,8.805707354559596,0.30570735455959586
Al Horford,AST,1.5,1.741,0.2410000000000001,OVER,PrizePicks,standard,AST,0.0,1.7840565917992492,0.28405659179924925
Ayo Dosunmu,RA,6.5,7.806,1.306,OVER,PrizePicks,combo,RA,0.0,6.779822134145194,0.27982213414519386
Zeke Nnaji,PA,9.5,11.258,1.7579999999999991,OVER,PrizePicks,combo,PA,0.0,9.731652966683479,0.23165296668347857
Isaac Okoro,PA,9.5,10.923,1.423,OVER,PrizePicks,combo,PA,0.0,9.704375703780274,0.2043757037802738
Nickeil Alexander-Walker,RA,7.0,8.068,1.0679999999999996,OVER,PrizePicks,combo,RA,0.0,7.203559307437867,0.20355930743786743
Oso Ighodaro,AST,1.5,1.84,0.3400000000000001,OVER,PrizePicks,standard,AST,0.0,1.6960859805724646,0.19608598057246462
Myles Turner,PR,15.5,13.906,-1.5939999999999994,UNDER,PrizePicks,combo,PR,0.0,15.684620249174943,0.18462024917494269
Dyson Daniels,AST,6.5,7.728,1.2279999999999998,OVER,PrizePicks,standard,AST,0.0,6.684471530592482,0.18447153059248222
Steven Adams,STL,0.5,1.287,0.7869999999999999,OVER,PrizePicks,standard,STL,0.0,0.6831756580300425,0.18317565803004254
Kevin Durant,RA,10.0,10.684,0.6839999999999993,OVER,PrizePicks,combo,RA,0.0,10.139609785889197,0.13960978588919737
Grayson Allen,TO,1.5,2.219,0.7189999999999999,OVER,PrizePicks,standard,TO,0.0,1.626217330957893,0.1262173309578929
Steven Adams,PTS,5.5,6.723,1.223,OVER,PrizePicks,standard,PTS,0.0,5.609362678141974,0.10936267814197365
Collin Gillespie,AST,4.5,3.181,-1.319,UNDER,PrizePicks,standard,AST,0.0,4.6045755178813,0.10457551788130015
Alperen Sengun,AST,6.0,3.9,-2.1,UNDER,PrizePicks,standard,AST,0.0,6.095977906071375,0.0959779060713748
Andrew Wiggins,PTS,14.5,13.38,-1.1199999999999992,UNDER,PrizePicks,standard,PTS,0.0,14.532320419957935,0.03232041995793544
Royce O'Neale,PR,15.5,16.337,0.8369999999999997,OVER,PrizePicks,combo,PR,0.0,15.522530821618354,0.022530821618353514
Shaedon Sharpe,REB,4.5,4.111,-0.3890000000000002,UNDER,PrizePicks,standard,REB,0.0,4.501235035626028,0.0012350356260277806
Zeke Nnaji,REB,4.5,5.144,0.6440000000000001,OVER,PrizePicks,standard,REB,0.0,4.500945971329856,0.0009459713298562988
Al Horford,PRA,12.5,17.632,5.1320000000000014,OVER,PrizePicks,combo,PRA,0.0,12.474881739681603,-0.025118260318397034
Donte DiVincenzo,RA,10.0,7.054,-2.9459999999999997,UNDER,PrizePicks,combo,RA,0.0,9.971908423191866,-0.028091576808133567
Reed Sheppard,RA,5.0,5.763,0.7629999999999999,OVER,PrizePicks,combo,RA,0.0,4.96592930048602,-0.034070699513979896
Shai Gilgeous-Alexander,REB,5.0,4.716,-0.2839999999999998,UNDER,PrizePicks,standard,REB,0.0,4.947686122914168,-0.05231387708583224
Jalen Pickett,PR,15.0,16.493,1.4929999999999986,OVER,PrizePicks,combo,PR,0.0,14.945169091130005,-0.0548309088699952
Jamal Murray,RA,14.5,15.112,0.6120000000000001,OVER,PrizePicks,combo,RA,0.0,14.44049743699441,-0.05950256300559076
Jalen Williams,RA,11.0,9.952,-1.048,UNDER,PrizePicks,combo,RA,0.0,10.936331718864006,-0.06366828113599432
Collin Gillespie,REB,4.0,4.588,0.5880000000000001,OVER,PrizePicks,standard,REB,0.0,3.914153887923813,-0.08584611207618709
De'Anthony Melton,STL,1.5,0.855,-0.645,UNDER,PrizePicks,standard,STL,0.0,1.4029575570063897,-0.09704244299361031
Toumani Camara,RA,8.5,6.875,-1.625,UNDER,PrizePicks,combo,RA,0.0,8.394521325989,-0.10547867401099964
Shai Gilgeous-Alexander,RA,11.0,10.788,-0.2119999999999997,UNDER,PrizePicks,combo,RA,0.0,10.891643710937911,-0.1083562890620886
Al Horford,STL,0.5,0.565,0.0649999999999999,OVER,PrizePicks,standard,STL,0.0,0.38076372107987544,-0.11923627892012456
Cason Wallace,TO,0.5,2.441,1.941,OVER,PrizePicks,standard,TO,0.0,0.3710667518807233,-0.1289332481192767
Quinten Post,PRA,12.5,13.778,1.2780000000000005,OVER,PrizePicks,combo,PRA,0.0,12.35944686394718,-0.14055313605281938
Stephon Castle,PR,20.5,20.152,-0.347999999999999,UNDER,PrizePicks,combo,PR,0.0,20.35650741319518,-0.14349258680481825
Tyler Herro,RA,8.0,8.204,0.2040000000000006,OVER,PrizePicks,combo,RA,0.0,7.855545283656121,-0.14445471634387896
Rayan Rupert,STL,0.5,0.733,0.2329999999999999,OVER,PrizePicks,standard,STL,0.0,0.34792591997821226,-0.15207408002178774
Julian Champagnie,PA,13.5,16.745,3.245000000000001,OVER,PrizePicks,combo,PA,0.0,13.346590685624518,-0.153409314375482
Keldon Johnson,STL,0.5,0.969,0.469,OVER,PrizePicks,standard,STL,0.0,0.3133582176108855,-0.1866417823891145
Chet Holmgren,STL,0.5,0.919,0.419,OVER,PrizePicks,standard,STL,0.0,0.3106523820146631,-0.1893476179853369
Shai Gilgeous-Alexander,AST,6.0,6.072,0.072,OVER,PrizePicks,standard,AST,0.0,5.805196312651977,-0.19480368734802322
Norman Powell,RA,5.5,5.483,-0.0170000000000003,UNDER,PrizePicks,combo,RA,0.0,5.284785083916114,-0.21521491608388565
Steven Adams,AST,1.5,1.6,0.1,OVER,PrizePicks,standard,AST,0.0,1.2461921252045076,-0.2538078747954924
Jrue Holiday,PA,16.5,23.902,7.402000000000001,OVER,PrizePicks,combo,PA,0.0,16.245698043970734,-0.2543019560292663
Jake LaRavia,RA,8.0,6.679,-1.3209999999999995,UNDER,PrizePicks,combo,RA,0.0,7.734269589297276,-0.26573041070272385
Donte DiVincenzo,AST,4.5,3.376,-1.124,UNDER,PrizePicks,standard,AST,0.0,4.228623489699152,-0.27137651030084786
Brandin Podziemski,PRA,15.5,13.007,-2.4930000000000003,UNDER,PrizePicks,combo,PRA,0.0,15.226540359907627,-0.2734596400923728
CJ McCollum,STL,0.5,0.859,0.359,OVER,PrizePicks,standard,STL,0.0,0.2224051203363656,-0.2775948796636344
Jalen Smith,PRA,18.5,19.506,1.0060000000000002,OVER,PrizePicks,combo,PRA,0.0,18.185196089358186,-0.3148039106418139
Spencer Jones,REB,4.5,3.623,-0.8769999999999998,UNDER,PrizePicks,standard,REB,0.0,4.16738374458833,-0.3326162554116703
Jordan Goodwin,PA,10.5,12.262,1.7620000000000005,OVER,PrizePicks,combo,PA,0.0,10.15825675204516,-0.3417432479548399
Jimmy Butler,RA,11.0,9.276,-1.7240000000000002,UNDER,PrizePicks,combo,RA,0.0,10.627756862692753,-0.37224313730724745
Luke Kornet,PTS,5.5,8.893,3.3930000000000007,OVER,PrizePicks,standard,PTS,0.0,5.105787841613476,-0.3942121583865239
Ayo Dosunmu,PA,18.5,21.014,2.5139999999999993,OVER,PrizePicks,combo,PA,0.0,18.103671941620537,-0.3963280583794635
Jimmy Butler,AST,5.0,4.331,-0.6689999999999996,UNDER,PrizePicks,standard,AST,0.0,4.598576364535565,-0.40142363546443516
Davion Mitchell,PA,14.5,14.745,0.2449999999999992,OVER,PrizePicks,combo,PA,0.0,14.093319115740643,-0.406680884259357
Matas Buzelis,REB,5.5,5.59,0.0899999999999998,OVER,PrizePicks,standard,REB,0.0,5.090685574840765,-0.4093144251592351
Zion Williamson,PRA,34.0,28.505,-5.495000000000001,UNDER,PrizePicks,combo,PRA,0.0,33.58888294081259,-0.41111705918741137
Chet Holmgren,AST,1.5,2.002,0.5019999999999998,OVER,PrizePicks,standard,AST,0.0,1.0822630174035166,-0.4177369825964834
Jalen Pickett,RA,9.0,9.265,0.2650000000000005,OVER,PrizePicks,combo,RA,0.0,8.531514802009301,-0.46848519799069877
Devin Booker,PA,32.5,29.258,-3.242000000000001,UNDER,PrizePicks,combo,PA,0.0,32.02986491356183,-0.4701350864381695
Jaden McDaniels,TO,1.5,2.621,1.121,OVER,PrizePicks,standard,TO,0.0,1.0238900275038028,-0.47610997249619724
Deandre Ayton,REB,9.0,6.705,-2.295,UNDER,PrizePicks,standard,REB,0.0,8.507082150918626,-0.49291784908137437
Marcus Smart,RA,7.5,8.66,1.16,OVER,PrizePicks,combo,RA,0.0,7.005063202272312,-0.4949367977276884
Devin Booker,RA,11.0,9.686,-1.314,UNDER,PrizePicks,combo,RA,0.0,10.486652281815667,-0.5133477181843329
Ayo Dosunmu,PR,17.5,20.023,2.5229999999999997,OVER,PrizePicks,combo,PR,0.0,16.98267359679683,-0.517326403203171
Jrue Holiday,PR,14.5,20.818,6.318000000000001,OVER,PrizePicks,combo,PR,0.0,13.978840617732203,-0.5211593822677969
Giannis Antetokounmpo,PTS,31.5,28.152,-3.347999999999999,UNDER,PrizePicks,standard,PTS,0.0,30.95878496749423,-0.5412150325057716
Keldon Johnson,REB,6.0,5.704,-0.2960000000000002,UNDER,PrizePicks,standard,REB,0.0,5.448127073297359,-0.5518729267026412
Nickeil Alexander-Walker,REB,3.5,4.494,0.9939999999999998,OVER,PrizePicks,standard,REB,0.0,2.8917356857397456,-0.6082643142602544
Stephen Curry,RA,8.5,9.793,1.2929999999999993,OVER,PrizePicks,combo,RA,0.0,7.885359992724239,-0.614640007275761
Al Horford,REB,4.0,6.256,2.256,OVER,PrizePicks,standard,REB,0.0,3.3847034629948283,-0.6152965370051717
Dyson Daniels,PA,19.5,22.896,3.396000000000001,OVER,PrizePicks,combo,PA,0.0,18.87578698468603,-0.6242130153139698
Matas Buzelis,REB,5.0,5.59,0.5899999999999999,OVER,PrizePicks,standard,REB,0.0,4.370207341455136,-0.6297926585448641
Royce O'Neale,RA,8.0,8.342,0.3420000000000005,OVER,PrizePicks,combo,RA,0.0,7.3636451363296915,-0.6363548636703085
Giannis Antetokounmpo,REB,11.0,8.28,-2.7200000000000006,UNDER,PrizePicks,standard,REB,0.0,10.353212323261939,-0.6467876767380609
Kevin Huerter,AST,2.5,3.273,0.7730000000000001,OVER,PrizePicks,standard,AST,0.0,1.8503022869062078,-0.6496977130937922
Tre Jones,TO,1.5,2.517,1.017,OVER,PrizePicks,standard,TO,0.0,0.7884841444958376,-0.7115158555041624
Reed Sheppard,REB,2.5,2.631,0.1309999999999997,OVER,PrizePicks,standard,REB,0.0,1.779277668523779,-0.720722331476221
Derik Queen,TO,2.5,2.616,0.1160000000000001,OVER,PrizePicks,standard,TO,0.0,1.779277668523779,-0.720722331476221
Zeke Nnaji,PTS,8.5,9.831,1.3309999999999995,OVER,PrizePicks,standard,PTS,0.0,7.7769240803934805,-0.7230759196065195
Jordan Goodwin,PTS,8.5,9.833,1.3330000000000002,OVER,PrizePicks,standard,PTS,0.0,7.7769240803934805,-0.7230759196065195
Jamal Murray,TO,2.5,3.45,0.9500000000000002,OVER,PrizePicks,standard,TO,0.0,1.7652003135654624,-0.7347996864345376
Kel'el Ware,REB,7.5,6.661,-0.8390000000000004,UNDER,PrizePicks,standard,REB,0.0,6.724384425610605,-0.7756155743893949
Myles Turner,PTS,10.5,9.702,-0.798,UNDER,PrizePicks,standard,PTS,0.0,9.694495407546095,-0.8055045924539055
Jalen Johnson,TO,3.5,3.296,-0.2040000000000001,UNDER,PrizePicks,standard,TO,0.0,2.689569538712279,-0.8104304612877211
Tyler Herro,REB,5.0,5.336,0.3360000000000003,OVER,PrizePicks,standard,REB,0.0,4.186466715935196,-0.8135332840648042
Ryan Rollins,REB,5.0,5.336,0.3360000000000003,OVER,PrizePicks,standard,REB,0.0,4.186466715935196,-0.8135332840648042
Alperen Sengun,TO,2.5,2.49,-0.0099999999999997,UNDER,PrizePicks,standard,TO,0.0,1.6861883083305935,-0.8138116916694065
Ryan Rollins,AST,5.0,3.485,-1.515,UNDER,PrizePicks,standard,AST,0.0,4.175949883407339,-0.8240501165926606
Jake LaRavia,PTS,13.5,11.819,-1.6809999999999992,UNDER,PrizePicks,standard,PTS,0.0,12.637595908379135,-0.8624040916208653
Julian Champagnie,PRA,21.0,26.399,5.399000000000001,OVER,PrizePicks,combo,PRA,0.0,20.135612148926825,-0.8643878510731753
Derik Queen,AST,4.5,5.888,1.388,OVER,PrizePicks,standard,AST,0.0,3.6316266422744126,-0.8683733577255874
Jordan Goodwin,REB,4.5,4.413,-0.0869999999999997,UNDER,PrizePicks,standard,REB,0.0,3.620353107403867,-0.8796468925961332
Ayo Dosunmu,AST,4.0,4.399,0.399,OVER,PrizePicks,standard,AST,0.0,3.1106944045074862,-0.8893055954925138
Ryan Rollins,PR,19.5,19.339,-0.1610000000000013,UNDER,PrizePicks,combo,PR,0.0,18.604695842394054,-0.8953041576059455
Shai Gilgeous-Alexander,PR,36.0,32.5,-3.5,UNDER,PrizePicks,combo,PR,0.0,35.09548835222875,-0.9045116477712511
Dylan Harper,REB,2.5,3.08,0.5800000000000001,OVER,PrizePicks,standard,REB,0.0,1.5921867476912435,-0.9078132523087565
Donovan Clingan,RA,14.5,13.477,-1.0229999999999997,UNDER,PrizePicks,combo,RA,0.0,13.584069217672667,-0.915930782327333
Jalen Pickett,AST,5.0,3.754,-1.246,UNDER,PrizePicks,standard,AST,0.0,4.059371672699489,-0.9406283273005114
Oso Ighodaro,REB,5.0,3.77,-1.23,UNDER,PrizePicks,standard,REB,0.0,4.032026686240697,-0.9679733137593027
Bryce McGowens,REB,2.5,2.909,0.4089999999999998,OVER,PrizePicks,standard,REB,0.0,1.526861001672353,-0.973138998327647
Julius Randle,RA,14.0,11.232,-2.7680000000000007,UNDER,PrizePicks,combo,RA,0.0,13.004291051245007,-0.9957089487549933
Onyeka Okongwu,REB,8.0,8.728,0.7279999999999998,OVER,PrizePicks,standard,REB,0.0,6.984090369514144,-1.0159096304858561
Royce O'Neale,PRA,18.0,18.55,0.5500000000000007,OVER,PrizePicks,combo,PRA,0.0,16.962190356939303,-1.0378096430606973
Bam Adebayo,PTS,14.5,11.514,-2.9860000000000007,UNDER,PrizePicks,standard,PTS,0.0,13.448898896603458,-1.051101103396542
Amen Thompson,PA,24.5,25.717,1.2169999999999987,OVER,PrizePicks,combo,PA,0.0,23.432309579338305,-1.0676904206616946
Jarred Vanderbilt,REB,7.0,4.743,-2.2569999999999997,UNDER,PrizePicks,standard,REB,0.0,5.924530310555918,-1.0754696894440823
Peyton Watson,PRA,30.0,33.22,3.219999999999999,OVER,PrizePicks,combo,PRA,0.0,28.91031399268988,-1.0896860073101209
Tre Jones,PRA,21.5,19.283,-2.2169999999999987,UNDER,PrizePicks,combo,PRA,0.0,20.391748253018264,-1.1082517469817361
Zion Williamson,PR,30.0,24.7,-5.300000000000001,UNDER,PrizePicks,combo,PR,0.0,28.87067416232884,-1.1293258376711606
Jordan Poole,PR,14.5,12.916,-1.5839999999999996,UNDER,PrizePicks,combo,PR,0.0,13.36671448441039,-1.1332855155896109
Myles Turner,REB,5.0,4.204,-0.7960000000000003,UNDER,PrizePicks,standard,REB,0.0,3.860784766677487,-1.139215233322513
Mike Conley,REB,2.5,1.69,-0.81,UNDER,PrizePicks,standard,REB,0.0,1.3589180042204663,-1.1410819957795337
Shaedon Sharpe,RA,8.0,7.981,-0.0190000000000001,UNDER,PrizePicks,combo,RA,0.0,6.849488099449441,-1.1505119005505593
Jalen Smith,PA,11.5,10.874,-0.6259999999999994,UNDER,PrizePicks,combo,PA,0.0,10.333666477964002,-1.1663335220359983
Moses Moody,PRA,12.5,11.173,-1.327,UNDER,PrizePicks,combo,PRA,0.0,11.331448276635204,-1.1685517233647964
Grayson Allen,PTS,13.0,11.276,-1.7240000000000002,UNDER,PrizePicks,standard,PTS,0.0,11.829719520388009,-1.170280479611991
Peyton Watson,REB,6.0,7.098,1.098,OVER,PrizePicks,standard,REB,0.0,4.828853159703011,-1.1711468402969887
Amen Thompson,AST,5.0,4.373,-0.6269999999999998,UNDER,PrizePicks,standard,AST,0.0,3.7511642654782467,-1.2488357345217533
Dillon Brooks,REB,3.5,4.819,1.319,OVER,PrizePicks,standard,REB,0.0,2.2504448605910543,-1.2495551394089457
Will Richard,PRA,6.5,9.464,2.9640000000000004,OVER,PrizePicks,combo,PRA,0.0,5.213583106988909,-1.2864168930110909
Devin Booker,PRA,37.0,32.32,-4.68,UNDER,PrizePicks,combo,PRA,0.0,35.71006269076396,-1.2899373092360378
Quinten Post,PTS,7.5,8.896,1.3960000000000008,OVER,PrizePicks,standard,PTS,0.0,6.161514324932887,-1.3384856750671128
Jordan Poole,PTS,12.5,10.426,-2.074,UNDER,PrizePicks,standard,PTS,0.0,11.13711364598728,-1.3628863540127192
Draymond Green,PA,14.5,15.335,0.8350000000000009,OVER,PrizePicks,combo,PA,0.0,13.095019105737675,-1.4049808942623248
Jeremiah Fears,REB,3.5,4.11,0.6100000000000003,OVER,PrizePicks,standard,REB,0.0,2.083904082220019,-1.4160959177799808
Jeremiah Fears,PTS,12.5,14.583,2.083,OVER,PrizePicks,standard,PTS,0.0,11.070671462511573,-1.429328537488427
Alperen Sengun,RA,15.0,11.076,-3.923999999999999,UNDER,PrizePicks,combo,RA,0.0,13.57040272285304,-1.4295972771469607
Kevin Huerter,PA,14.5,16.366,1.8659999999999997,OVER,PrizePicks,combo,PA,0.0,13.067753722166199,-1.4322462778338014
Jalen Smith,PTS,10.0,9.497,-0.5030000000000001,UNDER,PrizePicks,standard,PTS,0.0,8.559626092743649,-1.440373907256351
Donovan Clingan,PA,14.5,14.173,-0.3269999999999999,UNDER,PrizePicks,combo,PA,0.0,13.042140806638043,-1.4578591933619567
Brandin Podziemski,REB,3.5,3.652,0.1520000000000001,OVER,PrizePicks,standard,REB,0.0,2.0256842563419273,-1.4743157436580727
Mark Williams,PR,21.0,15.779,-5.221,UNDER,PrizePicks,combo,PR,0.0,19.481579038251727,-1.518420961748273
Julius Randle,PTS,23.5,18.472,-5.027999999999999,UNDER,PrizePicks,standard,PTS,0.0,21.952151616155884,-1.5478483838441157
Giannis Antetokounmpo,PA,36.0,32.488,-3.5120000000000005,UNDER,PrizePicks,combo,PA,0.0,34.438252329227936,-1.5617476707720641
Draymond Green,RA,12.0,11.137,-0.8629999999999995,UNDER,PrizePicks,combo,RA,0.0,10.436643869223808,-1.5633561307761923
Onyeka Okongwu,PTS,16.5,13.751,-2.749000000000001,UNDER,PrizePicks,standard,PTS,0.0,14.920704285954143,-1.5792957140458572
Quinten Post,PA,9.5,10.219,0.7189999999999994,OVER,PrizePicks,combo,PA,0.0,7.913296591963851,-1.5867034080361488
Mark Williams,PTS,12.0,8.787,-3.212999999999999,UNDER,PrizePicks,standard,PTS,0.0,10.40094914585059,-1.5990508541494108
Sidy Cissoko,PA,10.5,10.1,-0.4000000000000003,UNDER,PrizePicks,combo,PA,0.0,8.893820103868777,-1.6061798961312235
Kevin Huerter,PR,15.5,17.152,1.652000000000001,OVER,PrizePicks,combo,PR,0.0,13.892562556112113,-1.6074374438878873
Draymond Green,PR,15.5,13.363,-2.1370000000000005,UNDER,PrizePicks,combo,PR,0.0,13.889020946308586,-1.6109790536914144
Caleb Love,PA,20.5,19.633,-0.8670000000000009,UNDER,PrizePicks,combo,PA,0.0,18.88708538572086,-1.6129146142791413
Jalen Johnson,PR,33.0,30.645,-2.3550000000000004,UNDER,PrizePicks,combo,PR,0.0,31.38598382103783,-1.6140161789621708
Kevin Huerter,REB,3.5,4.059,0.5590000000000002,OVER,PrizePicks,standard,REB,0.0,1.8785857696847412,-1.6214142303152588
Jalen Williams,AST,5.5,6.072,0.5720000000000001,OVER,PrizePicks,standard,AST,0.0,3.863100290776617,-1.6368997092233828
Draymond Green,PRA,21.5,19.918,-1.5820000000000007,UNDER,PrizePicks,combo,PRA,0.0,19.84481466964223,-1.6551853303577708
Nickeil Alexander-Walker,PA,24.5,25.835,1.3350000000000009,OVER,PrizePicks,combo,PA,0.0,22.818338669704033,-1.6816613302959666
Zion Williamson,RA,10.0,8.252,-1.747999999999999,UNDER,PrizePicks,combo,RA,0.0,8.316040295539652,-1.6839597044603476
Shaedon Sharpe,PRA,33.5,27.613,-5.8870000000000005,UNDER,PrizePicks,combo,PRA,0.0,31.81595123677225,-1.68404876322775
Julian Champagnie,PTS,12.0,14.057,2.0570000000000004,OVER,PrizePicks,standard,PTS,0.0,10.30865934444128,-1.6913406555587205
Stephon Castle,PTS,15.5,15.595,0.0950000000000006,OVER,PrizePicks,standard,PTS,0.0,13.808246490552767,-1.6917535094472331
De'Aaron Fox,PRA,27.5,27.557,0.0569999999999986,OVER,PrizePicks,combo,PRA,0.0,25.803754203905257,-1.6962457960947432
Jalen Smith,REB,6.5,8.633,2.132999999999999,OVER,PrizePicks,standard,REB,0.0,4.799882917764781,-1.7001170822352192
Cason Wallace,PTS,7.5,7.712,0.2119999999999997,OVER,PrizePicks,standard,PTS,0.0,5.751535377011947,-1.7484646229880534
Jarred Vanderbilt,PTS,6.5,7.829,1.3289999999999995,OVER,PrizePicks,standard,PTS,0.0,4.746317064948683,-1.7536829350513168
Jaden McDaniels,RA,8.0,5.811,-2.189,UNDER,PrizePicks,combo,RA,0.0,6.212396085446257,-1.7876039145537428
Stephon Castle,PA,22.0,20.148,-1.8520000000000003,UNDER,PrizePicks,combo,PA,0.0,20.208760050462534,-1.7912399495374665
Dyson Daniels,PTS,13.0,15.168,2.1679999999999993,OVER,PrizePicks,standard,PTS,0.0,11.156978413267758,-1.8430215867322417
Bryce McGowens,PTS,7.5,9.637,2.1370000000000005,OVER,PrizePicks,standard,PTS,0.0,5.633265272993364,-1.8667347270066363
Victor Wembanyama,PR,31.0,33.816,2.8160000000000025,OVER,PrizePicks,combo,PR,0.0,29.121923682298757,-1.8780763177012432
Marcus Smart,PR,15.5,13.504,-1.9960000000000004,UNDER,PrizePicks,combo,PR,0.0,13.608860620629285,-1.8911393793707152
Harrison Barnes,PRA,15.5,17.058,1.5579999999999998,OVER,PrizePicks,combo,PRA,0.0,13.600727638834991,-1.8992723611650089
Ayo Dosunmu,PTS,14.5,16.616,2.1159999999999997,OVER,PrizePicks,standard,PTS,0.0,12.584544037298118,-1.9154559627018823
Keldon Johnson,PTS,13.0,11.844,-1.1560000000000006,UNDER,PrizePicks,standard,PTS,0.0,11.074234895949807,-1.9257651040501926
Mark Williams,PA,13.5,10.029,-3.471,UNDER,PrizePicks,combo,PA,0.0,11.56885308081345,-1.9311469191865491
Grayson Allen,RA,6.0,6.227,0.2270000000000003,OVER,PrizePicks,combo,RA,0.0,4.061019755667313,-1.9389802443326873
Derik Queen,PR,20.5,18.394,-2.1060000000000016,UNDER,PrizePicks,combo,PR,0.0,18.529280444485618,-1.970719555514382
Collin Gillespie,RA,8.5,7.769,-0.7309999999999999,UNDER,PrizePicks,combo,RA,0.0,6.511646563936845,-1.9883534360631554
Mark Williams,REB,9.0,6.992,-2.008,UNDER,PrizePicks,standard,REB,0.0,6.976504988348874,-2.023495011651126
Alperen Sengun,PTS,22.0,15.5,-6.5,UNDER,PrizePicks,standard,PTS,0.0,19.931966635113152,-2.0680333648868476
Naz Reid,PTS,19.0,15.168,-3.8320000000000007,UNDER,PrizePicks,standard,PTS,0.0,16.923932552869207,-2.076067447130793
Derik Queen,REB,8.0,8.832,0.8320000000000007,OVER,PrizePicks,standard,REB,0.0,5.9076232436182075,-2.0923767563817925
Jaden McDaniels,REB,5.5,3.692,-1.808,UNDER,PrizePicks,standard,REB,0.0,3.402914411159916,-2.097085588840084
Keldon Johnson,RA,6.5,7.397,0.8970000000000002,OVER,PrizePicks,combo,RA,0.0,4.395376028733916,-2.1046239712660837
Isaiah Joe,PRA,9.5,12.709,3.2089999999999996,OVER,PrizePicks,combo,PRA,0.0,7.366099956409798,-2.1339000435902022
Steven Adams,REB,8.5,7.728,-0.7720000000000002,UNDER,PrizePicks,standard,REB,0.0,6.3399155721204385,-2.1600844278795615
Norman Powell,PRA,26.0,27.195,1.1950000000000005,OVER,PrizePicks,combo,PRA,0.0,23.829835331569676,-2.170164668430324
Norman Powell,PA,23.0,24.034,1.033999999999999,OVER,PrizePicks,combo,PA,0.0,20.81548932874983,-2.1845106712501696
Onyeka Okongwu,RA,11.5,12.589,1.0890000000000004,OVER,PrizePicks,combo,RA,0.0,9.289248749668337,-2.210751250331663
Moses Moody,PTS,8.0,7.23,-0.7699999999999996,UNDER,PrizePicks,standard,PTS,0.0,5.7749768013313725,-2.2250231986686275
Zion Williamson,REB,6.0,4.447,-1.553,UNDER,PrizePicks,standard,REB,0.0,3.7695917127489844,-2.2304082872510156
Rayan Rupert,PR,8.5,7.82,-0.6799999999999997,UNDER,PrizePicks,combo,PR,0.0,6.265683304626027,-2.2343166953739733
Oso Ighodaro,PA,6.5,9.534,3.0340000000000007,OVER,PrizePicks,combo,PA,0.0,4.2170482261330084,-2.2829517738669916
Brandin Podziemski,RA,6.5,6.165,-0.3349999999999999,UNDER,PrizePicks,combo,RA,0.0,4.178962076305257,-2.3210379236947434
Alex Caruso,PRA,11.5,10.479,-1.0210000000000008,UNDER,PrizePicks,combo,PRA,0.0,9.12913480044601,-2.3708651995539896
Chet Holmgren,REB,9.0,9.792,0.7919999999999998,OVER,PrizePicks,standard,REB,0.0,6.625253829386921,-2.3747461706130792
Royce O'Neale,PA,12.5,12.421,-0.0790000000000006,UNDER,PrizePicks,combo,PA,0.0,10.10655682754394,-2.3934431724560596
Gui Santos,PRA,7.5,9.734,2.234,OVER,PrizePicks,combo,PRA,0.0,5.080340254870018,-2.419659745129982
Jimmy Butler,PA,25.5,25.914,0.4140000000000015,OVER,PrizePicks,combo,PA,0.0,23.055313728260664,-2.444686271739336
Ryan Rollins,RA,10.0,8.821,-1.1790000000000005,UNDER,PrizePicks,combo,RA,0.0,7.549359198513112,-2.4506408014868883
Draymond Green,PTS,8.5,8.781,0.2810000000000006,OVER,PrizePicks,standard,PTS,0.0,6.027133384064461,-2.472866615935539
Davion Mitchell,RA,9.0,8.972,-0.0280000000000004,UNDER,PrizePicks,combo,RA,0.0,6.4872890956013665,-2.5127109043986335
Derik Queen,RA,13.0,14.72,1.7200000000000006,OVER,PrizePicks,combo,RA,0.0,10.480466520077556,-2.519533479922444
Toumani Camara,PTS,14.5,12.49,-2.01,UNDER,PrizePicks,standard,PTS,0.0,11.980225525908146,-2.5197744740918537
Davion Mitchell,PTS,7.5,8.726,1.2260000000000009,OVER,PrizePicks,standard,PTS,0.0,4.9732924468522,-2.5267075531477996
Collin Gillespie,PRA,21.5,18.403,-3.0970000000000013,UNDER,PrizePicks,combo,PRA,0.0,18.962825688178214,-2.5371743118217864
Dylan Harper,PRA,13.5,14.696,1.1959999999999995,OVER,PrizePicks,combo,PRA,0.0,10.877449256329356,-2.6225507436706437
Caleb Love,PRA,23.5,24.001,0.5010000000000012,OVER,PrizePicks,combo,PRA,0.0,20.85691090896594,-2.64308909103406
Matas Buzelis,PTS,16.5,19.887,3.3870000000000005,OVER,PrizePicks,standard,PTS,0.0,13.794977109045776,-2.7050228909542238
Myles Turner,PA,12.0,11.205,-0.7949999999999999,UNDER,PrizePicks,combo,PA,0.0,9.237687937062852,-2.7623120629371485
Shai Gilgeous-Alexander,PTS,31.5,27.784,-3.716000000000001,UNDER,PrizePicks,standard,PTS,0.0,28.7045822897756,-2.795417710224399
Jake LaRavia,PRA,21.5,18.498,-3.001999999999999,UNDER,PrizePicks,combo,PRA,0.0,18.696409869199442,-2.8035901308005577
Jalen Williams,PRA,28.5,27.064,-1.436,UNDER,PrizePicks,combo,PRA,0.0,25.58656401156396,-2.9134359884360386
Donte DiVincenzo,PR,21.5,17.915,-3.585000000000001,UNDER,PrizePicks,combo,PR,0.0,18.55028411504324,-2.9497158849567597
Bam Adebayo,PRA,27.5,23.514,-3.9860000000000007,UNDER,PrizePicks,combo,PRA,0.0,24.479952293001602,-3.0200477069983975
Oso Ighodaro,PTS,5.0,7.694,2.694,OVER,PrizePicks,standard,PTS,0.0,1.9302227338950473,-3.0697772661049525
Donte DiVincenzo,PA,20.5,17.613,-2.8870000000000005,UNDER,PrizePicks,combo,PA,0.0,17.425867552290512,-3.074132447709488
Onyeka Okongwu,PA,20.5,17.611,-2.8889999999999993,UNDER,PrizePicks,combo,PA,0.0,17.425867552290512,-3.074132447709488
Chet Holmgren,PTS,16.5,14.501,-1.9990000000000008,UNDER,PrizePicks,standard,PTS,0.0,13.398931276938479,-3.1010687230615215
Marcus Smart,PTS,12.0,8.431,-3.569000000000001,UNDER,PrizePicks,standard,PTS,0.0,8.880036997644451,-3.119963002355549
Moses Moody,PA,9.5,8.51,-0.9900000000000002,UNDER,PrizePicks,combo,PA,0.0,6.3685582409430985,-3.1314417590569015
Chet Holmgren,PA,18.5,16.502,-1.998000000000001,UNDER,PrizePicks,combo,PA,0.0,15.352183814995644,-3.1478161850043556
Rui Hachimura,PRA,14.5,14.333,-0.1669999999999998,UNDER,PrizePicks,combo,PRA,0.0,11.337123085501771,-3.162876914498229
Nickeil Alexander-Walker,PR,24.5,26.755,2.254999999999999,OVER,PrizePicks,combo,PR,0.0,21.24616771309395,-3.25383228690605
Andrew Wiggins,PRA,21.5,19.67,-1.8299999999999983,UNDER,PrizePicks,combo,PRA,0.0,18.238764884537332,-3.261235115462668
Ryan Rollins,PTS,14.5,14.003,-0.4969999999999999,UNDER,PrizePicks,standard,PTS,0.0,11.218498929696288,-3.2815010703037117
Isaac Okoro,PRA,12.5,14.825,2.3249999999999993,OVER,PrizePicks,combo,PRA,0.0,9.21547915712446,-3.2845208428755406
Cason Wallace,PR,8.5,11.192,2.692,OVER,PrizePicks,combo,PR,0.0,5.175218815598164,-3.324781184401836
Kevin Durant,PA,30.5,31.844,1.3440000000000012,OVER,PrizePicks,combo,PA,0.0,27.113500087790136,-3.386499912209864
Derik Queen,PTS,12.5,9.562,-2.9380000000000006,UNDER,PrizePicks,standard,PTS,0.0,9.093529639417357,-3.4064703605826434
Stephon Castle,PRA,26.5,24.706,-1.7940000000000005,UNDER,PrizePicks,combo,PRA,0.0,23.077141813781527,-3.4228581862184733
Sidy Cissoko,PTS,8.5,8.529,0.0289999999999999,OVER,PrizePicks,standard,PTS,0.0,5.075638418885127,-3.424361581114873
Jalen Williams,PR,23.5,20.992,-2.507999999999999,UNDER,PrizePicks,combo,PR,0.0,20.047540687953227,-3.4524593120467735
Donovan Clingan,REB,12.5,10.931,-1.5690000000000008,UNDER,PrizePicks,standard,REB,0.0,9.021433686655506,-3.478566313344494
Stephon Castle,RA,10.5,9.111,-1.3889999999999991,UNDER,PrizePicks,combo,RA,0.0,7.018137353768855,-3.4818626462311446
Isaiah Joe,PR,8.5,11.437,2.9369999999999994,OVER,PrizePicks,combo,PR,0.0,4.93732170508976,-3.5626782949102402
Jarred Vanderbilt,PRA,16.0,14.693,-1.3070000000000004,UNDER,PrizePicks,combo,PRA,0.0,12.394734484419343,-3.6052655155806566
Davion Mitchell,AST,6.5,6.019,-0.4809999999999998,UNDER,PrizePicks,standard,AST,0.0,2.8785595675990097,-3.6214404324009903
Amen Thompson,RA,13.5,15.805,2.3049999999999997,OVER,PrizePicks,combo,RA,0.0,9.863337887417504,-3.6366621125824956
Keldon Johnson,PA,12.5,13.538,1.0380000000000005,OVER,PrizePicks,combo,PA,0.0,8.780656406967694,-3.719343593032306
Jalen Williams,PTS,17.5,17.112,-0.3880000000000017,UNDER,PrizePicks,standard,PTS,0.0,13.723928245022128,-3.776071754977872
Dylan Harper,PTS,7.5,9.82,2.3200000000000003,OVER,PrizePicks,standard,PTS,0.0,3.705378542899638,-3.794621457100362
Zion Williamson,PTS,23.5,20.253,-3.247,UNDER,PrizePicks,standard,PTS,0.0,19.60380095360734,-3.8961990463926597
Quinten Post,PR,10.5,12.455,1.955,OVER,PrizePicks,combo,PR,0.0,6.516888821625555,-3.983111178374445
Luke Kornet,TO,0.5,2.233,1.733,OVER,PrizePicks,standard,TO,0.0,-3.5270154216832728,-4.027015421683273
Naz Reid,PRA,30.5,23.912,-6.588000000000001,UNDER,PrizePicks,combo,PRA,0.0,26.461329125926447,-4.038670874073553
Jake LaRavia,PR,18.5,16.645,-1.8550000000000004,UNDER,PrizePicks,combo,PR,0.0,14.452383906619476,-4.047616093380524
Collin Gillespie,PA,16.5,13.815,-2.6850000000000005,UNDER,PrizePicks,combo,PA,0.0,12.418818233485275,-4.0811817665147245
Donte DiVincenzo,PRA,26.5,21.291,-5.209,UNDER,PrizePicks,combo,PRA,0.0,22.36721273475545,-4.1327872652445485
Mike Conley,PA,11.5,7.663,-3.837,UNDER,PrizePicks,combo,PA,0.0,7.359431673761783,-4.140568326238217
Jordan Poole,PA,16.0,13.241,-2.7590000000000003,UNDER,PrizePicks,combo,PA,0.0,11.85378426556351,-4.14621573443649
Reed Sheppard,PA,15.5,14.724,-0.7759999999999998,UNDER,PrizePicks,combo,PA,0.0,11.32170732157247,-4.17829267842753
Tyler Herro,PRA,28.5,26.201,-2.2989999999999995,UNDER,PrizePicks,combo,PRA,0.0,24.23083492166512,-4.269165078334879
Bam Adebayo,REB,10.0,9.016,-0.984,UNDER,PrizePicks,standard,REB,0.0,5.60429628290396,-4.39570371709604
Marcus Smart,PRA,19.5,17.09,-2.41,UNDER,PrizePicks,combo,PRA,0.0,15.0896526239125,-4.4103473760875005
Jamal Murray,PA,36.0,33.813,-2.1869999999999976,UNDER,PrizePicks,combo,PA,0.0,31.560379966982403,-4.439620033017597
Toumani Camara,PA,17.5,14.809,-2.6910000000000007,UNDER,PrizePicks,combo,PA,0.0,13.046575179188215,-4.453424820811785
Grayson Allen,PA,15.5,14.452,-1.048,UNDER,PrizePicks,combo,PA,0.0,11.02023838113174,-4.47976161886826
Jarred Vanderbilt,PR,14.0,12.572,-1.4280000000000008,UNDER,PrizePicks,combo,PR,0.0,9.512401211377902,-4.487598788622098
Zion Williamson,PA,27.0,24.058,-2.942,UNDER,PrizePicks,combo,PA,0.0,22.45249231337093,-4.547507686629071
Cason Wallace,PRA,10.5,12.829,2.3290000000000006,OVER,PrizePicks,combo,PRA,0.0,5.927351652315218,-4.572648347684782
Rui Hachimura,PR,13.5,12.653,-0.8469999999999995,UNDER,PrizePicks,combo,PR,0.0,8.87818158566281,-4.62181841433719
De'Aaron Fox,PA,23.5,22.728,-0.7719999999999985,UNDER,PrizePicks,combo,PA,0.0,18.87204755668639,-4.62795244331361
Al Horford,PA,7.5,11.376,3.875999999999999,OVER,PrizePicks,combo,PA,0.0,2.8590634271570563,-4.640936572842944
Davion Mitchell,PR,10.5,11.679,1.1790000000000005,OVER,PrizePicks,combo,PR,0.0,5.753785612687759,-4.746214387312241
Keldon Johnson,PRA,19.5,19.242,-0.2579999999999991,UNDER,PrizePicks,combo,PRA,0.0,14.648080818772694,-4.851919181227306
Ryan Rollins,PA,19.5,17.487,-2.0130000000000017,UNDER,PrizePicks,combo,PA,0.0,14.619087725370543,-4.880912274629457
Andrew Wiggins,PR,18.5,17.454,-1.0459999999999994,UNDER,PrizePicks,combo,PR,0.0,13.503807676651544,-4.996192323348456
Mike Conley,PTS,7.5,5.699,-1.8010000000000002,UNDER,PrizePicks,standard,PTS,0.0,2.4844679260974925,-5.0155320739025075
Keldon Johnson,PR,18.5,17.548,-0.9520000000000016,UNDER,PrizePicks,combo,PR,0.0,13.460454115608805,-5.039545884391195
Caleb Love,PTS,16.0,16.899,0.8990000000000009,OVER,PrizePicks,standard,PTS,0.0,10.934519859511155,-5.0654801404888445
Chet Holmgren,PR,26.5,24.292,-2.2079999999999984,UNDER,PrizePicks,combo,PR,0.0,21.384018936049536,-5.115981063950464
Alex Caruso,PR,9.5,8.925,-0.5749999999999993,UNDER,PrizePicks,combo,PR,0.0,4.303079875139613,-5.196920124860387
Devin Booker,PR,29.5,25.696,-3.8039999999999985,UNDER,PrizePicks,combo,PR,0.0,24.215568776595774,-5.284431223404226
Grayson Allen,PRA,19.0,17.503,-1.497,UNDER,PrizePicks,combo,PRA,0.0,13.613812715170186,-5.3861872848298145
Bam Adebayo,RA,12.5,12.0,-0.5,UNDER,PrizePicks,combo,RA,0.0,7.111518213554183,-5.388481786445817
Jordan Poole,PRA,17.5,15.731,-1.769,UNDER,PrizePicks,combo,PRA,0.0,12.068348805884519,-5.4316511941154815
Zeke Nnaji,PR,13.5,14.974,1.4740000000000002,OVER,PrizePicks,combo,PR,0.0,8.060553661817803,-5.439446338182197
Marcus Smart,PA,16.0,12.017,-3.983000000000001,UNDER,PrizePicks,combo,PA,0.0,10.528346597538384,-5.471653402461616
Toumani Camara,PRA,23.0,19.365,-3.6350000000000016,UNDER,PrizePicks,combo,PRA,0.0,17.415189245155823,-5.584810754844177
Jordan Goodwin,PRA,15.5,16.675,1.1750000000000007,OVER,PrizePicks,combo,PRA,0.0,9.862195296832692,-5.637804703167308
Jalen Pickett,PRA,20.5,20.246,-0.2540000000000013,UNDER,PrizePicks,combo,PRA,0.0,14.794149399404253,-5.705850600595747
De'Anthony Melton,PA,13.5,13.362,-0.1379999999999999,UNDER,PrizePicks,combo,PA,0.0,7.794075002157637,-5.705924997842363
Derik Queen,PA,17.5,15.45,-2.0500000000000007,UNDER,PrizePicks,combo,PA,0.0,11.759893133268958,-5.7401068667310415
Toumani Camara,PR,20.0,17.047,-2.9529999999999994,UNDER,PrizePicks,combo,PR,0.0,14.202948820775045,-5.797051179224955
De'Anthony Melton,PRA,16.5,17.058,0.5579999999999998,OVER,PrizePicks,combo,PRA,0.0,10.65115948012839,-5.84884051987161
Shai Gilgeous-Alexander,PA,37.5,33.856,-3.6439999999999984,UNDER,PrizePicks,combo,PA,0.0,31.57415497113841,-5.925845028861591
Shai Gilgeous-Alexander,PRA,42.5,38.572,-3.9279999999999977,UNDER,PrizePicks,combo,PRA,0.0,36.45900137667602,-6.040998623323979
Derik Queen,PRA,25.5,24.282,-1.218,UNDER,PrizePicks,combo,PRA,0.0,19.444870678052194,-6.055129321947806
Donovan Clingan,PRA,27.5,25.104,-2.396000000000001,UNDER,PrizePicks,combo,PRA,0.0,21.431295525489695,-6.068704474510305
Moses Moody,PR,11.5,9.894,-1.606,UNDER,PrizePicks,combo,PR,0.0,5.42517810965196,-6.07482189034804
Shaedon Sharpe,PTS,25.0,19.633,-5.367000000000001,UNDER,PrizePicks,standard,PTS,0.0,18.911050095256325,-6.088949904743675
Steven Adams,PRA,16.5,16.051,-0.4490000000000016,UNDER,PrizePicks,combo,PRA,0.0,10.321725873903096,-6.178274126096904
Jalen Pickett,PA,16.5,14.735,-1.7650000000000006,UNDER,PrizePicks,combo,PA,0.0,10.24432400917965,-6.25567599082035
Julian Champagnie,RA,8.5,12.342,3.842000000000001,OVER,PrizePicks,combo,RA,0.0,2.155490391898131,-6.344509608101869
Bam Adebayo,PA,17.5,14.498,-3.0020000000000007,UNDER,PrizePicks,combo,PA,0.0,11.140684328353656,-6.359315671646344
Jalen Johnson,AST,8.0,6.174,-1.8259999999999996,UNDER,PrizePicks,standard,AST,0.0,1.5822738979448412,-6.417726102055159
Deandre Ayton,PR,24.5,17.892,-6.6080000000000005,UNDER,PrizePicks,combo,PR,0.0,18.071926112532275,-6.4280738874677255
Jake LaRavia,PA,16.5,13.671,-2.8290000000000006,UNDER,PrizePicks,combo,PA,0.0,10.004557620913404,-6.495442379086596
Kevin Huerter,PRA,18.5,20.425,1.9250000000000007,OVER,PrizePicks,combo,PRA,0.0,11.989889289486312,-6.510110710513688
Zeke Nnaji,PRA,14.5,16.402,1.902000000000001,OVER,PrizePicks,combo,PRA,0.0,7.977523952127929,-6.522476047872071
LeBron James,PR,30.5,31.478,0.9780000000000016,OVER,PrizePicks,combo,PR,0.0,23.972289422196127,-6.527710577803873
Steven Adams,PR,14.5,14.451,-0.0489999999999994,UNDER,PrizePicks,combo,PR,0.0,7.892424035065771,-6.607575964934229
Jalen Johnson,PRA,41.5,36.819,-4.680999999999997,UNDER,PrizePicks,combo,PRA,0.0,34.80129461817131,-6.698705381828688
Donovan Clingan,PR,24.5,22.559,-1.940999999999999,UNDER,PrizePicks,combo,PR,0.0,17.77898215302364,-6.721017846976359
Deandre Ayton,PA,16.5,12.593,-3.907,UNDER,PrizePicks,combo,PA,0.0,9.754014345393996,-6.745985654606004
Andrew Wiggins,PA,16.5,15.596,-0.904,UNDER,PrizePicks,combo,PA,0.0,9.475967275625816,-7.024032724374184
Bam Adebayo,PR,24.5,20.53,-3.969999999999999,UNDER,PrizePicks,combo,PR,0.0,17.46566228145132,-7.034337718548681
Jalen Williams,PA,23.5,23.184,-0.3159999999999989,UNDER,PrizePicks,combo,PA,0.0,16.42420665793779,-7.075793342062209
Rui Hachimura,PTS,9.5,8.99,-0.5099999999999998,UNDER,PrizePicks,standard,PTS,0.0,2.3807679044005647,-7.119232095599435
Jimmy Butler,PRA,31.5,30.858,-0.6419999999999995,UNDER,PrizePicks,combo,PRA,0.0,24.179431763692378,-7.320568236307622
Stephen Curry,PR,31.5,30.769,-0.7310000000000016,UNDER,PrizePicks,combo,PR,0.0,24.101259744049674,-7.398740255950326
Reed Sheppard,PRA,17.5,17.355,-0.1449999999999995,UNDER,PrizePicks,combo,PRA,0.0,9.926052445086919,-7.573947554913081
LeBron James,PA,31.5,31.501,0.0010000000000012,OVER,PrizePicks,combo,PA,0.0,23.914502130123143,-7.585497869876857
Ryan Rollins,PRA,24.5,22.823,-1.6769999999999996,UNDER,PrizePicks,combo,PRA,0.0,16.824893330058014,-7.675106669941986
Tyler Herro,PA,23.5,20.865,-2.6350000000000016,UNDER,PrizePicks,combo,PA,0.0,15.794143200968321,-7.705856799031679
Tyler Herro,PTS,20.0,17.996,-2.0040000000000013,UNDER,PrizePicks,standard,PTS,0.0,12.16064850729432,-7.8393514927056795
Giannis Antetokounmpo,RA,16.0,12.616,-3.3840000000000003,UNDER,PrizePicks,combo,RA,0.0,8.100805589895694,-7.899194410104306
Naz Reid,PR,27.5,21.608,-5.8919999999999995,UNDER,PrizePicks,combo,PR,0.0,19.53181235016058,-7.968187649839422
Jimmy Butler,PR,26.5,26.526,0.0259999999999998,OVER,PrizePicks,combo,PR,0.0,18.202770912919505,-8.297229087080495
Kel'el Ware,PR,15.5,14.266,-1.234,UNDER,PrizePicks,combo,PR,0.0,7.134038673182814,-8.365961326817185
Reed Sheppard,PR,14.5,14.222,-0.2780000000000004,UNDER,PrizePicks,combo,PR,0.0,6.110950084044272,-8.389049915955727
Jeremiah Fears,PRA,20.5,22.236,1.7360000000000009,OVER,PrizePicks,combo,PRA,0.0,12.079340284598329,-8.420659715401671
Julius Randle,PRA,37.5,29.704,-7.795999999999999,UNDER,PrizePicks,combo,PRA,0.0,29.064229235664428,-8.435770764335572
Stephen Curry,PTS,27.5,27.048,-0.4520000000000017,UNDER,PrizePicks,standard,PTS,0.0,18.960947207499622,-8.539052792500378
Grayson Allen,PR,15.5,14.326,-1.1739999999999997,UNDER,PrizePicks,combo,PR,0.0,6.926734834168553,-8.573265165831447
Davion Mitchell,PRA,16.5,17.698,1.1980000000000004,OVER,PrizePicks,combo,PRA,0.0,7.870959884478388,-8.629040115521612
Onyeka Okongwu,PR,24.5,22.479,-2.021000000000001,UNDER,PrizePicks,combo,PR,0.0,15.7034138441148,-8.7965861558852
De'Aaron Fox,PR,22.5,22.998,0.4980000000000011,OVER,PrizePicks,combo,PR,0.0,13.631066083713815,-8.868933916286185
Ajay Mitchell,PA,15.5,19.37,3.870000000000001,OVER,PrizePicks,combo,PA,0.0,6.50065011244958,-8.99934988755042
Donte DiVincenzo,PTS,16.5,14.237,-2.263,UNDER,PrizePicks,standard,PTS,0.0,7.433138438796899,-9.066861561203101
De'Anthony Melton,PR,14.5,15.436,0.936,OVER,PrizePicks,combo,PR,0.0,5.406385732555135,-9.093614267444865
Brandin Podziemski,PR,12.5,10.494,-2.006,UNDER,PrizePicks,combo,PR,0.0,3.162539584469812,-9.337460415530188
Aaron Gordon,PR,27.5,19.685,-7.815000000000001,UNDER,PrizePicks,combo,PR,0.0,18.14386584019501,-9.356134159804991
Dillon Brooks,PR,23.5,24.462,0.9619999999999996,OVER,PrizePicks,combo,PR,0.0,13.593037201143254,-9.906962798856746
Shaedon Sharpe,PR,30.5,23.744,-6.756,UNDER,PrizePicks,combo,PR,0.0,20.299507512056785,-10.200492487943215
Myles Turner,PRA,17.5,15.409,-2.0909999999999993,UNDER,PrizePicks,combo,PRA,0.0,7.239026591625633,-10.260973408374367
Jalen Johnson,RA,17.5,15.476,-2.023999999999999,UNDER,PrizePicks,combo,RA,0.0,7.0019510653088055,-10.498048934691194
Tre Jones,PA,17.5,15.475,-2.0250000000000004,UNDER,PrizePicks,combo,PA,0.0,6.751908711088618,-10.748091288911382
Deandre Ayton,PRA,26.0,19.298,-6.702000000000002,UNDER,PrizePicks,combo,PRA,0.0,15.206445641058872,-10.793554358941128
Onyeka Okongwu,PRA,28.5,26.339,-2.161000000000002,UNDER,PrizePicks,combo,PRA,0.0,17.691399564635713,-10.808600435364287
LeBron James,PTS,23.5,24.509,1.0090000000000003,OVER,PrizePicks,standard,PTS,0.0,12.480705455059862,-11.019294544940138
Devin Booker,PTS,25.5,22.634,-2.8659999999999997,UNDER,PrizePicks,standard,PTS,0.0,14.372358167897005,-11.127641832102995
Jordan Goodwin,PR,12.5,14.246,1.7460000000000004,OVER,PrizePicks,combo,PR,0.0,1.2988149733488528,-11.201185026651148
Harrison Barnes,PA,12.5,14.231,1.731,OVER,PrizePicks,combo,PA,0.0,1.1950647969303156,-11.304935203069684
Collin Gillespie,PR,16.5,15.222,-1.2780000000000005,UNDER,PrizePicks,combo,PR,0.0,5.118548937813208,-11.381451062186791
Giannis Antetokounmpo,PR,42.0,36.432,-5.567999999999998,UNDER,PrizePicks,combo,PR,0.0,30.599975501368863,-11.400024498631137
Dillon Brooks,PA,21.5,22.397,0.8969999999999985,OVER,PrizePicks,combo,PA,0.0,9.307178332593478,-12.192821667406522
Jamal Murray,PRA,41.0,38.437,-2.5630000000000024,UNDER,PrizePicks,combo,PRA,0.0,28.66860429500399,-12.331395704996009
Julius Randle,PA,29.5,22.896,-6.603999999999999,UNDER,PrizePicks,combo,PA,0.0,17.00227263830697,-12.49772736169303
Jamal Murray,PTS,26.0,23.325,-2.6750000000000007,UNDER,PrizePicks,standard,PTS,0.0,10.380927349761125,-15.619072650238875
Giannis Antetokounmpo,PRA,47.5,40.768,-6.731999999999999,UNDER,PrizePicks,combo,PRA,0.0,27.912786259529124,-19.587213740470876
Tyler Herro,PR,24.5,23.332,-1.1679999999999993,UNDER,PrizePicks,combo,PR,0.0,4.28779889769604,-20.21220110230396
Chet Holmgren,PRA,27.5,26.294,-1.2059999999999995,UNDER,PrizePicks,combo,PRA,0.0,5.106555374748448,-22.393444625251554
